product_key,product_name,category,price_usd
1,Product_1,Science,60
2,Product_2,Fiction,59
3,Product_3,Art,95
4,Product_4,Art,76
5,Product_5,History,67
6,Product_6,History,97
7,Product_7,History,11
8,Product_8,Art,38
9,Product_9,History,54
10,Product_10,Tech,34
11,Product_11,Tech,15
12,Product_12,Science,28
13,Product_13,Fiction,94
14,Product_14,Fiction,32
15,Product_15,Fiction,79
16,Product_16,Tech,37
17,Product_17,Science,67
18,Product_18,Tech,73
19,Product_19,Art,21
20,Product_20,Art,78
21,Product_21,Art,91
22,Product_22,Science,33
23,Product_23,History,74
24,Product_24,Fiction,81
25,Product_25,Science,71
26,Product_26,Fiction,80
27,Product_27,Art,74
28,Product_28,Art,93
29,Product_29,Tech,36
30,Product_30,Science,58
