customer_key,customer_name,region,loyalty_tier
1,Customer_1,South,Bronze
2,Customer_2,South,Silver
3,Customer_3,South,Gold
4,Customer_4,East,Silver
5,Customer_5,West,Platinum
6,Customer_6,West,Silver
7,Customer_7,West,Platinum
8,Customer_8,North,Platinum
9,Customer_9,West,Silver
10,Customer_10,North,Gold
11,Customer_11,West,Platinum
12,Customer_12,West,Platinum
13,Customer_13,North,Bronze
14,Customer_14,East,Platinum
15,Customer_15,West,Bronze
16,Customer_16,North,Gold
17,Customer_17,South,Gold
18,Customer_18,North,Gold
19,Customer_19,West,Platinum
20,Customer_20,South,Bronze
21,Customer_21,North,Gold
22,Customer_22,North,Silver
23,Customer_23,East,Bronze
24,Customer_24,West,Silver
25,Customer_25,North,Bronze
26,Customer_26,North,Gold
27,Customer_27,West,Platinum
28,Customer_28,West,Gold
29,Customer_29,East,Silver
30,Customer_30,North,Silver
31,Customer_31,North,Gold
32,Customer_32,West,Bronze
33,Customer_33,South,Silver
34,Customer_34,South,Platinum
35,Customer_35,South,Silver
36,Customer_36,East,Silver
37,Customer_37,South,Platinum
38,Customer_38,South,Silver
39,Customer_39,West,Platinum
40,Customer_40,West,Bronze
41,Customer_41,West,Silver
42,Customer_42,South,Platinum
43,Customer_43,South,Gold
44,Customer_44,South,Gold
45,Customer_45,East,Bronze
46,Customer_46,North,Gold
47,Customer_47,East,Gold
48,Customer_48,South,Silver
49,Customer_49,East,Platinum
50,Customer_50,North,Bronze
