customer_key,customer_name,region,loyalty_tier
1,Customer_1,South,Bronze
2,Customer_2,North,Platinum
3,Customer_3,North,Platinum
4,Customer_4,East,Platinum
5,Customer_5,North,Bronze
6,Customer_6,South,Gold
7,Customer_7,South,Gold
8,Customer_8,West,Silver
9,Customer_9,West,Platinum
10,Customer_10,West,Platinum
11,Customer_11,South,Gold
12,Customer_12,South,Platinum
13,Customer_13,North,Bronze
14,Customer_14,West,Platinum
15,Customer_15,South,Platinum
16,Customer_16,South,Platinum
17,Customer_17,North,Platinum
18,Customer_18,West,Platinum
19,Customer_19,South,Platinum
20,Customer_20,East,Silver
21,Customer_21,West,Platinum
22,Customer_22,West,Gold
23,Customer_23,North,Silver
24,Customer_24,North,Platinum
25,Customer_25,East,Bronze
26,Customer_26,South,Platinum
27,Customer_27,North,Gold
28,Customer_28,North,Platinum
29,Customer_29,West,Gold
30,Customer_30,East,Silver
31,Customer_31,North,Bronze
32,Customer_32,East,Platinum
33,Customer_33,West,Bronze
34,Customer_34,South,Bronze
35,Customer_35,West,Platinum
36,Customer_36,North,Silver
37,Customer_37,South,Bronze
38,Customer_38,West,Platinum
39,Customer_39,North,Gold
40,Customer_40,West,Silver
41,Customer_41,East,Platinum
42,Customer_42,East,Silver
43,Customer_43,East,Platinum
44,Customer_44,West,Silver
45,Customer_45,East,Silver
46,Customer_46,West,Gold
47,Customer_47,South,Platinum
48,Customer_48,East,Silver
49,Customer_49,East,Platinum
50,Customer_50,North,Platinum
51,Customer_51,West,Platinum
52,Customer_52,East,Gold
53,Customer_53,West,Platinum
54,Customer_54,North,Bronze
55,Customer_55,South,Platinum
56,Customer_56,West,Bronze
57,Customer_57,West,Platinum
58,Customer_58,West,Platinum
59,Customer_59,South,Bronze
60,Customer_60,East,Bronze
61,Customer_61,East,Gold
62,Customer_62,South,Silver
63,Customer_63,West,Gold
64,Customer_64,West,Bronze
65,Customer_65,North,Platinum
66,Customer_66,South,Platinum
67,Customer_67,West,Bronze
68,Customer_68,South,Bronze
69,Customer_69,East,Gold
70,Customer_70,West,Platinum
71,Customer_71,West,Bronze
72,Customer_72,East,Bronze
73,Customer_73,East,Bronze
74,Customer_74,East,Silver
75,Customer_75,North,Platinum
76,Customer_76,South,Gold
77,Customer_77,North,Silver
78,Customer_78,North,Bronze
79,Customer_79,West,Silver
80,Customer_80,South,Silver
81,Customer_81,North,Bronze
82,Customer_82,South,Gold
83,Customer_83,West,Gold
84,Customer_84,West,Silver
85,Customer_85,West,Silver
86,Customer_86,West,Bronze
87,Customer_87,East,Silver
88,Customer_88,South,Silver
89,Customer_89,South,Gold
90,Customer_90,West,Platinum
91,Customer_91,North,Bronze
92,Customer_92,North,Gold
93,Customer_93,South,Platinum
94,Customer_94,North,Silver
95,Customer_95,South,Platinum
96,Customer_96,East,Gold
97,Customer_97,East,Silver
98,Customer_98,South,Platinum
99,Customer_99,North,Bronze
100,Customer_100,West,Bronze
101,Customer_101,East,Silver
102,Customer_102,South,Bronze
103,Customer_103,East,Platinum
104,Customer_104,South,Bronze
105,Customer_105,South,Silver
106,Customer_106,South,Platinum
107,Customer_107,East,Silver
108,Customer_108,South,Platinum
109,Customer_109,East,Gold
110,Customer_110,South,Gold
111,Customer_111,West,Silver
112,Customer_112,East,Bronze
113,Customer_113,North,Bronze
114,Customer_114,East,Silver
115,Customer_115,North,Bronze
116,Customer_116,North,Platinum
117,Customer_117,North,Bronze
118,Customer_118,West,Silver
119,Customer_119,South,Silver
120,Customer_120,South,Bronze
121,Customer_121,East,Gold
122,Customer_122,East,Platinum
123,Customer_123,North,Gold
124,Customer_124,South,Gold
125,Customer_125,East,Platinum
126,Customer_126,West,Gold
127,Customer_127,South,Bronze
128,Customer_128,South,Bronze
129,Customer_129,East,Silver
130,Customer_130,North,Gold
131,Customer_131,South,Bronze
132,Customer_132,South,Silver
133,Customer_133,South,Bronze
134,Customer_134,East,Gold
135,Customer_135,West,Gold
136,Customer_136,North,Gold
137,Customer_137,South,Gold
138,Customer_138,East,Silver
139,Customer_139,East,Gold
140,Customer_140,South,Platinum
141,Customer_141,East,Platinum
142,Customer_142,East,Bronze
143,Customer_143,West,Gold
144,Customer_144,West,Platinum
145,Customer_145,West,Platinum
146,Customer_146,West,Bronze
147,Customer_147,North,Silver
148,Customer_148,West,Silver
149,Customer_149,North,Bronze
150,Customer_150,South,Silver
151,Customer_151,North,Gold
152,Customer_152,West,Platinum
153,Customer_153,South,Platinum
154,Customer_154,West,Silver
155,Customer_155,South,Silver
156,Customer_156,South,Platinum
157,Customer_157,East,Bronze
158,Customer_158,North,Platinum
159,Customer_159,East,Gold
160,Customer_160,North,Silver
161,Customer_161,North,Platinum
162,Customer_162,South,Gold
163,Customer_163,North,Gold
164,Customer_164,North,Gold
165,Customer_165,South,Bronze
166,Customer_166,East,Silver
167,Customer_167,East,Platinum
168,Customer_168,North,Silver
169,Customer_169,West,Platinum
170,Customer_170,North,Gold
171,Customer_171,East,Bronze
172,Customer_172,North,Platinum
173,Customer_173,South,Bronze
174,Customer_174,West,Gold
175,Customer_175,North,Silver
176,Customer_176,East,Gold
177,Customer_177,West,Gold
178,Customer_178,West,Gold
179,Customer_179,East,Platinum
180,Customer_180,West,Bronze
181,Customer_181,West,Silver
182,Customer_182,West,Platinum
183,Customer_183,North,Platinum
184,Customer_184,East,Silver
185,Customer_185,East,Silver
186,Customer_186,East,Silver
187,Customer_187,South,Platinum
188,Customer_188,West,Gold
189,Customer_189,South,Gold
190,Customer_190,North,Silver
191,Customer_191,West,Silver
192,Customer_192,East,Platinum
193,Customer_193,North,Gold
194,Customer_194,South,Bronze
195,Customer_195,North,Bronze
196,Customer_196,West,Silver
197,Customer_197,South,Gold
198,Customer_198,North,Gold
199,Customer_199,North,Silver
200,Customer_200,East,Platinum
201,Customer_201,East,Gold
202,Customer_202,East,Silver
203,Customer_203,West,Platinum
204,Customer_204,North,Platinum
205,Customer_205,East,Bronze
206,Customer_206,North,Bronze
207,Customer_207,North,Gold
208,Customer_208,North,Silver
209,Customer_209,South,Gold
210,Customer_210,West,Platinum
211,Customer_211,South,Silver
212,Customer_212,South,Bronze
213,Customer_213,South,Silver
214,Customer_214,North,Gold
215,Customer_215,West,Bronze
216,Customer_216,West,Platinum
217,Customer_217,North,Silver
218,Customer_218,North,Platinum
219,Customer_219,East,Bronze
220,Customer_220,East,Silver
221,Customer_221,North,Bronze
222,Customer_222,South,Gold
223,Customer_223,West,Platinum
224,Customer_224,South,Bronze
225,Customer_225,South,Platinum
226,Customer_226,South,Platinum
227,Customer_227,South,Gold
228,Customer_228,East,Bronze
229,Customer_229,East,Bronze
230,Customer_230,East,Silver
231,Customer_231,East,Gold
232,Customer_232,South,Gold
233,Customer_233,South,Platinum
234,Customer_234,North,Platinum
235,Customer_235,North,Bronze
236,Customer_236,West,Platinum
237,Customer_237,South,Platinum
238,Customer_238,South,Platinum
239,Customer_239,South,Bronze
240,Customer_240,North,Bronze
241,Customer_241,North,Platinum
242,Customer_242,West,Platinum
243,Customer_243,South,Bronze
244,Customer_244,West,Platinum
245,Customer_245,West,Silver
246,Customer_246,East,Bronze
247,Customer_247,West,Bronze
248,Customer_248,West,Platinum
249,Customer_249,East,Bronze
250,Customer_250,South,Platinum
251,Customer_251,East,Bronze
252,Customer_252,South,Silver
253,Customer_253,West,Silver
254,Customer_254,South,Silver
255,Customer_255,South,Bronze
256,Customer_256,West,Silver
257,Customer_257,West,Bronze
258,Customer_258,South,Platinum
259,Customer_259,North,Platinum
260,Customer_260,South,Platinum
261,Customer_261,East,Platinum
262,Customer_262,North,Silver
263,Customer_263,East,Silver
264,Customer_264,East,Platinum
265,Customer_265,North,Silver
266,Customer_266,North,Platinum
267,Customer_267,East,Silver
268,Customer_268,East,Platinum
269,Customer_269,South,Gold
270,Customer_270,South,Gold
271,Customer_271,North,Gold
272,Customer_272,East,Platinum
273,Customer_273,East,Bronze
274,Customer_274,South,Silver
275,Customer_275,West,Platinum
276,Customer_276,South,Silver
277,Customer_277,East,Bronze
278,Customer_278,South,Platinum
279,Customer_279,South,Platinum
280,Customer_280,East,Silver
281,Customer_281,South,Silver
282,Customer_282,North,Gold
283,Customer_283,South,Gold
284,Customer_284,South,Bronze
285,Customer_285,East,Platinum
286,Customer_286,South,Silver
287,Customer_287,South,Platinum
288,Customer_288,South,Bronze
289,Customer_289,South,Silver
290,Customer_290,North,Bronze
291,Customer_291,West,Gold
292,Customer_292,South,Bronze
293,Customer_293,West,Bronze
294,Customer_294,North,Gold
295,Customer_295,North,Silver
296,Customer_296,West,Gold
297,Customer_297,East,Silver
298,Customer_298,East,Bronze
299,Customer_299,East,Platinum
300,Customer_300,East,Platinum
