product_key,product_name,category,price_usd
1,Product_1,Tech,66
2,Product_2,Art,56
3,Product_3,Art,23
4,Product_4,History,62
5,Product_5,Fiction,63
6,Product_6,Fiction,65
7,Product_7,Fiction,14
8,Product_8,Fiction,33
9,Product_9,Art,79
10,Product_10,Science,72
11,Product_11,Science,54
12,Product_12,Fiction,71
13,Product_13,History,80
14,Product_14,Fiction,49
15,Product_15,History,95
16,Product_16,Science,18
17,Product_17,Art,51
18,Product_18,History,92
19,Product_19,Science,32
20,Product_20,Art,67
21,Product_21,Fiction,74
22,Product_22,Science,54
23,Product_23,Fiction,41
24,Product_24,Fiction,12
25,Product_25,Art,29
26,Product_26,Tech,81
27,Product_27,Science,38
28,Product_28,Art,81
29,Product_29,Tech,61
30,Product_30,Art,85
31,Product_31,History,21
32,Product_32,Art,45
33,Product_33,Tech,49
34,Product_34,Art,43
35,Product_35,Fiction,48
36,Product_36,Fiction,61
37,Product_37,Fiction,36
38,Product_38,Fiction,16
39,Product_39,Art,92
40,Product_40,History,76
41,Product_41,Art,95
42,Product_42,Art,49
43,Product_43,Tech,94
44,Product_44,History,70
45,Product_45,Fiction,80
46,Product_46,Science,69
47,Product_47,History,71
48,Product_48,Tech,68
49,Product_49,Art,51
50,Product_50,Fiction,27
51,Product_51,Art,44
52,Product_52,Tech,90
53,Product_53,Tech,15
54,Product_54,Science,26
55,Product_55,Fiction,54
56,Product_56,History,77
57,Product_57,History,85
58,Product_58,History,91
59,Product_59,Science,62
60,Product_60,History,70
61,Product_61,Fiction,96
62,Product_62,Art,26
63,Product_63,History,72
64,Product_64,History,43
65,Product_65,History,83
66,Product_66,Art,59
67,Product_67,Tech,72
68,Product_68,Fiction,36
69,Product_69,Fiction,59
70,Product_70,Science,84
71,Product_71,Art,14
72,Product_72,Tech,18
73,Product_73,Tech,24
74,Product_74,Science,46
75,Product_75,Art,46
76,Product_76,History,46
77,Product_77,Fiction,32
78,Product_78,Fiction,67
79,Product_79,Tech,75
80,Product_80,Art,50
81,Product_81,Science,61
82,Product_82,Fiction,10
83,Product_83,Fiction,50
84,Product_84,Science,81
85,Product_85,Fiction,57
86,Product_86,Science,59
87,Product_87,Fiction,83
88,Product_88,Fiction,52
89,Product_89,History,25
90,Product_90,Science,25
91,Product_91,History,100
92,Product_92,Science,86
93,Product_93,Tech,24
94,Product_94,History,10
95,Product_95,Science,86
96,Product_96,History,82
97,Product_97,Tech,26
98,Product_98,Fiction,56
99,Product_99,Art,14
100,Product_100,History,69
