customer_key,customer_name,region,loyalty_tier
1,Customer_1,South,bronze
2,Customer_2,North,Silver
3,Customer_3,west ,Silver
4,Customer_4,South,SILVER
5,Customer_5,South, Gold 
6,Customer_6,,bronze
7, customer_7 ,north,bronze
8,Customer_8,west ,Silver
9,Customer_9,north, Gold 
10,Customer_10,west ,SILVER
11,Customer_11,East,Silver
12,Customer_12,West, Gold 
13,   ,North,bronze
14, customer_14 , EAST,SILVER
15,Customer_15,East,GOLD
16,Customer_16,North,Silver
17,Customer_17,west ,GOLD
18,Customer_18,South,bronze
19,Customer_19,East,bronze
20,Customer_20,SOUTH,GOLD
21, customer_21 ,North,bronze
22,Customer_22,West, Gold 
23,Customer_23,South,platinum
24,Customer_24,South, Gold 
25,Customer_25,North,SILVER
26,Customer_26,SOUTH, Gold 
27,Customer_27,west ,SILVER
28, customer_28 ,South,bronze
29,Customer_29,west ,GOLD
30,Customer_30,South,Silver
31,Customer_31,South,platinum
32,Customer_32,North,platinum
33,Customer_33,SOUTH,Silver
34,Customer_34,SOUTH,GOLD
35, customer_35 ,west ,SILVER
36,Customer_36,North,SILVER
37,Customer_37,South, Gold 
38,Customer_38, EAST, Gold 
39,Customer_39,west ,Silver
40,Customer_40,West,platinum
41,Customer_41,North,SILVER
42, customer_42 ,west ,SILVER
43,Customer_43,SOUTH,bronze
44,Customer_44,west ,bronze
45,Customer_45,SOUTH,platinum
46,Customer_46,North,bronze
47,Customer_47,west , Gold 
48,Customer_48,SOUTH,Silver
49, customer_49 ,West,platinum
50,Customer_50,West,Silver
51,Customer_51,North,Silver
52,Customer_52,west ,SILVER
53,Customer_53,North,SILVER
54,Customer_54,East, Gold 
55,Customer_55,East,GOLD
56, customer_56 ,west ,Silver
57,Customer_57,West,bronze
58,Customer_58,north,bronze
59,Customer_59, EAST,SILVER
60,Customer_60, EAST,SILVER
61,Customer_61,East, Gold 
62,Customer_62,South,platinum
63, customer_63 ,East, Gold 
64,Customer_64,West, Gold 
65,Customer_65,North, Gold 
66,Customer_66,north,SILVER
67,Customer_67,South,SILVER
68,Customer_68,North,SILVER
69,Customer_69,SOUTH,bronze
70, customer_70 ,North,platinum
71,Customer_71, EAST,platinum
72,Customer_72,north,SILVER
73,Customer_73,North, Gold 
74,Customer_74, EAST, Gold 
75,Customer_75,South,SILVER
76,Customer_76,North,SILVER
77, customer_77 ,west ,Silver
78,Customer_78,SOUTH,Silver
79,Customer_79,north, Gold 
80,Customer_80,SOUTH,platinum
81,Customer_81,north,bronze
82,Customer_82,SOUTH,GOLD
83,Customer_83,west ,bronze
84, customer_84 ,west , Gold 
85,Customer_85,South,bronze
86,Customer_86,West,bronze
87,Customer_87, EAST,Silver
88,Customer_88,West, Gold 
89,Customer_89, EAST,GOLD
90,Customer_90,East,Silver
91, customer_91 ,west ,SILVER
92,Customer_92,North,platinum
93,Customer_93,SOUTH,platinum
94,Customer_94,West,bronze
95,Customer_95,west ,Silver
96,Customer_96,South,GOLD
97,Customer_97,north, Gold 
98, customer_98 ,west , Gold 
99,Customer_99,west ,bronze
100,Customer_100,South,SILVER
101,Customer_101,north,Silver
102,Customer_102,South,bronze
103,Customer_103,SOUTH,bronze
104,Customer_104,west ,GOLD
105, customer_105 ,West,Silver
106,Customer_106, EAST,SILVER
107,Customer_107,West,Silver
108,Customer_108,West,platinum
109,Customer_109,west ,bronze
110,Customer_110,South,SILVER
111,Customer_111,East,GOLD
112, customer_112 ,East,platinum
113,Customer_113,West,SILVER
114,Customer_114,north,SILVER
115,Customer_115,South,bronze
116,Customer_116,East,SILVER
117,Customer_117,SOUTH,bronze
118,Customer_118,west ,Silver
119, customer_119 ,west , Gold 
120,Customer_120,West,Silver
121,Customer_121,East,Silver
122,Customer_122,North,platinum
123,Customer_123,west ,bronze
124,Customer_124,West, Gold 
125,Customer_125,South,bronze
126, customer_126 ,north,bronze
127,Customer_127,west ,Silver
128,Customer_128,East,platinum
129,Customer_129,West,Silver
130,Customer_130,East,bronze
131,Customer_131, EAST,platinum
132,Customer_132,north,platinum
133, customer_133 ,North,platinum
134,Customer_134,North,platinum
135,Customer_135,West,Silver
136,Customer_136,west ,GOLD
137,Customer_137,west ,bronze
138,Customer_138,north,SILVER
139,Customer_139,SOUTH,bronze
140, customer_140 ,north, Gold 
141,Customer_141,West, Gold 
142,Customer_142, EAST,bronze
143,Customer_143,South,Silver
144,Customer_144,South, Gold 
145,Customer_145,South,SILVER
146,Customer_146,west ,platinum
147, customer_147 ,South, Gold 
148,Customer_148,west , Gold 
149,Customer_149,north, Gold 
150,Customer_150,South,platinum
151,Customer_151,SOUTH,GOLD
152,Customer_152,west ,SILVER
153,Customer_153,SOUTH,Silver
154, customer_154 ,North,platinum
155,Customer_155, EAST,SILVER
156,Customer_156,North,platinum
157,Customer_157,SOUTH,bronze
158,Customer_158,north,platinum
159,Customer_159,South,bronze
160,Customer_160,west , Gold 
161, customer_161 ,North,Silver
162,Customer_162,SOUTH,bronze
163,Customer_163,west ,GOLD
164,Customer_164,North,Silver
165,Customer_165,West, Gold 
166,Customer_166,North, Gold 
167,Customer_167,north,SILVER
168, customer_168 ,North,SILVER
169,Customer_169,South,Silver
170,Customer_170,North,bronze
171,Customer_171,South,SILVER
172,Customer_172, EAST,GOLD
173,Customer_173,North, Gold 
174,Customer_174,west ,SILVER
175, customer_175 ,SOUTH,Silver
176,Customer_176,North, Gold 
177,Customer_177,West,GOLD
178,Customer_178,north,bronze
179,Customer_179,East,GOLD
180,Customer_180,north,bronze
181,Customer_181,SOUTH,Silver
182, customer_182 ,North,Silver
183,Customer_183,West, Gold 
184,Customer_184,East, Gold 
185,Customer_185,north,bronze
186,Customer_186,South,SILVER
187,Customer_187, EAST, Gold 
188,Customer_188,north,GOLD
189, customer_189 , EAST,platinum
190,Customer_190, EAST,bronze
191,Customer_191,North,GOLD
192,Customer_192,north,GOLD
193,Customer_193,west ,SILVER
194,Customer_194,west ,SILVER
195,Customer_195,South,GOLD
196, customer_196 ,East, Gold 
197,Customer_197, EAST,Silver
198,Customer_198, EAST,Silver
199,Customer_199,East,bronze
200,Customer_200, EAST,SILVER
201,Customer_201,SOUTH,platinum
202,Customer_202,west ,GOLD
203, customer_203 , EAST,SILVER
204,Customer_204,South,platinum
205,Customer_205,north,platinum
206,Customer_206,west ,Silver
207,Customer_207,West,GOLD
208,Customer_208,North,Silver
209,Customer_209,west ,bronze
210, customer_210 ,west ,platinum
211,Customer_211,SOUTH,GOLD
212,Customer_212,South,GOLD
213,Customer_213,SOUTH,SILVER
214,Customer_214,East,SILVER
215,Customer_215,SOUTH,bronze
216,Customer_216,South,GOLD
217, customer_217 , EAST, Gold 
218,Customer_218,North,bronze
219,Customer_219,South, Gold 
220,Customer_220,East,GOLD
221,Customer_221,SOUTH,platinum
222,Customer_222,South,platinum
223,Customer_223,west ,GOLD
224, customer_224 ,north,SILVER
225,Customer_225,East,bronze
226,Customer_226,west ,GOLD
227,Customer_227,East,bronze
228,Customer_228,SOUTH, Gold 
229,Customer_229,SOUTH,SILVER
230,Customer_230,South,SILVER
231, customer_231 ,North, Gold 
232,Customer_232,North,SILVER
233,Customer_233,East,GOLD
234,Customer_234,East,SILVER
235,Customer_235,North, Gold 
236,Customer_236, EAST,Silver
237,Customer_237,East,SILVER
238, customer_238 ,East,SILVER
239,Customer_239, EAST, Gold 
240,Customer_240,North,platinum
241,Customer_241,north,GOLD
242,Customer_242,North,Silver
243,Customer_243,East, Gold 
244,Customer_244,SOUTH,platinum
245, customer_245 ,West,platinum
246,Customer_246,west , Gold 
247,Customer_247,West,SILVER
248,Customer_248, EAST,SILVER
249,Customer_249,South,GOLD
250,Customer_250,SOUTH,bronze
251,Customer_251,west ,SILVER
252, customer_252 ,North,Silver
253,Customer_253,west ,Silver
254,Customer_254,north,bronze
255,Customer_255,west ,platinum
256,Customer_256,South,platinum
257,Customer_257,East,SILVER
258,Customer_258,west ,SILVER
259, customer_259 ,East,platinum
260,Customer_260,East,Silver
261,Customer_261, EAST,SILVER
262,Customer_262,north,bronze
263,Customer_263,East,Silver
264,Customer_264, EAST,SILVER
265,Customer_265,West,bronze
266, customer_266 ,west ,bronze
267,Customer_267,West,Silver
268,Customer_268,West,SILVER
269,Customer_269,SOUTH,platinum
270,Customer_270,East, Gold 
271,Customer_271,West,Silver
272,Customer_272,West,platinum
273, customer_273 ,North,Silver
274,Customer_274,North, Gold 
275,Customer_275,West,SILVER
276,Customer_276,west ,GOLD
277,Customer_277,West,bronze
278,Customer_278,North,Silver
279,Customer_279,North,GOLD
280, customer_280 ,SOUTH, Gold 
281,Customer_281,South,Silver
282,Customer_282, EAST,Silver
283,Customer_283,East,SILVER
284,Customer_284, EAST,SILVER
285,Customer_285,west ,bronze
286,Customer_286,East,platinum
287, customer_287 ,SOUTH, Gold 
288,Customer_288,West,platinum
289,Customer_289,north,Silver
290,Customer_290,East,platinum
291,Customer_291,north, Gold 
292,Customer_292,East,platinum
293,Customer_293,north,GOLD
294, customer_294 ,North,platinum
295,Customer_295,East, Gold 
296,Customer_296,west ,platinum
297,Customer_297,west ,GOLD
298,Customer_298,East,platinum
299,Customer_299,north,platinum
300,Customer_300,SOUTH,SILVER
301, customer_301 ,East,SILVER
302,Customer_302, EAST,platinum
303,Customer_303, EAST, Gold 
304,Customer_304,north,platinum
305,Customer_305,north,bronze
306,Customer_306,East,Silver
307,Customer_307,West,Silver
308, customer_308 ,north,GOLD
309,Customer_309,East,GOLD
310,Customer_310,west ,platinum
311,Customer_311,SOUTH,GOLD
312,Customer_312,East,GOLD
313,Customer_313,East,GOLD
314,Customer_314,South,platinum
315, customer_315 ,north,SILVER
316,Customer_316,north,GOLD
317,Customer_317,west ,SILVER
318,Customer_318,South,SILVER
319,Customer_319,north,bronze
320,Customer_320,west ,Silver
321,Customer_321,north, Gold 
322, customer_322 , EAST,Silver
323,Customer_323, EAST,platinum
324,Customer_324,South, Gold 
325,Customer_325,west ,platinum
326,Customer_326,North,GOLD
327,Customer_327, EAST, Gold 
328,Customer_328,South,Silver
329, customer_329 ,North,bronze
330,Customer_330,north,GOLD
331,Customer_331,East,platinum
332,Customer_332,west ,bronze
333,Customer_333,west ,bronze
334,Customer_334,North,SILVER
335,Customer_335,South, Gold 
336, customer_336 ,north,GOLD
337,Customer_337,East,SILVER
338,Customer_338,SOUTH,bronze
339,Customer_339,SOUTH,bronze
340,Customer_340,East,platinum
341,Customer_341,South,platinum
342,Customer_342,SOUTH,SILVER
343, customer_343 ,West,SILVER
344,Customer_344, EAST,platinum
345,Customer_345, EAST,SILVER
346,Customer_346,North, Gold 
347,Customer_347,West,platinum
348,Customer_348,East,SILVER
349,Customer_349,North,GOLD
350, customer_350 ,west ,bronze
351,Customer_351,North,platinum
352,Customer_352,west ,platinum
353,Customer_353,East,GOLD
354,Customer_354,north,platinum
355,Customer_355,SOUTH,Silver
356,Customer_356,West,Silver
357, customer_357 ,SOUTH,GOLD
358,Customer_358,SOUTH,GOLD
359,Customer_359,North, Gold 
360,Customer_360,north, Gold 
361,Customer_361,west ,bronze
362,Customer_362,west ,SILVER
363,Customer_363,East,platinum
364, customer_364 ,west ,SILVER
365,Customer_365,West,SILVER
366,Customer_366,West,platinum
367,Customer_367,north,bronze
368,Customer_368,North,Silver
369,Customer_369,East,SILVER
370,Customer_370,west ,GOLD
371, customer_371 ,SOUTH,platinum
372,Customer_372,SOUTH,platinum
373,Customer_373,SOUTH,GOLD
374,Customer_374,West,GOLD
375,Customer_375,North,GOLD
376,Customer_376,west ,bronze
377,Customer_377,west ,GOLD
378, customer_378 ,South,SILVER
379,Customer_379, EAST,Silver
380,Customer_380,west ,SILVER
381,Customer_381,West,GOLD
382,Customer_382,North,bronze
383,Customer_383,west ,GOLD
384,Customer_384,west ,GOLD
385, customer_385 , EAST,GOLD
386,Customer_386,north,SILVER
387,Customer_387, EAST,GOLD
388,Customer_388,north,bronze
389,Customer_389,North,SILVER
390,Customer_390, EAST,SILVER
391,Customer_391,West,bronze
392, customer_392 ,north, Gold 
393,Customer_393,North,platinum
394,Customer_394,West,platinum
395,Customer_395,SOUTH,Silver
396,Customer_396,north,GOLD
397,Customer_397,West,bronze
398,Customer_398,South,platinum
399, customer_399 ,West,bronze
400,Customer_400,north,Silver
95,Customer_95,west ,Silver
33,Customer_33,SOUTH,Silver
226,Customer_226,west ,GOLD
158,Customer_158,north,platinum
357, customer_357 ,SOUTH,GOLD
26,Customer_26,SOUTH, Gold 
68,Customer_68,North,SILVER
190,Customer_190, EAST,bronze
305,Customer_305,north,bronze
227,Customer_227,East,bronze
