product_key,product_name,category,price_usd
1,Product_1, science ,113
2,Product_2,History,20
3,Product_3,ART,25
4,Product_4,Fiction ,87
5,Product_5,ART,109
6,Product_6,Fiction ,67
7,Product_7,Science,48
8,Product_8,Fiction ,49
9, product_9 ,fiction,88
10,Product_10,Tech,107
11,Product_11,ART,90
12,Product_12,ART,43
13,Product_13,Tech,30
14,Product_14,ART,32
15,Product_15,Tech,30
16,Product_16,fiction,62
17,Product_17,Science,98
18, product_18 ,Science,47
19,Product_19,fiction,39
20,Product_20,History,100
21,Product_21,History,-15
22,Product_22,Science,19
23,Product_23,ART,43
24,Product_24,ART,64
25,Product_25,Tech,79
26,Product_26,ART,92
27, product_27 , science ,44
28,Product_28, science ,19
29,Product_29,fiction,31
30,Product_30,History,86
31,Product_31,History,66
32,Product_32,Tech,69
33,Product_33,History,99
34,Product_34,,44
35,Product_35,Science,66
36, product_36 ,Tech,86
37,Product_37,fiction,65
38,Product_38,TECH,87
39,Product_39,History,13
40,Product_40,Tech,39
41,Product_41,fiction,107
42,Product_42,History,83
43,Product_43,fiction,107
44,Product_44, science ,70
45, product_45 ,Science,45
46,Product_46, science ,84
47,Product_47,Fiction ,91
48,Product_48,Science,21
49,Product_49,Science,54
50,Product_50,Fiction ,52
51,Product_51,TECH,95
52,Product_52,Tech,119
53,Product_53, science ,52
54, product_54 ,Fiction ,98
55,Product_55,Science,46
56,Product_56,Fiction ,114
57,Product_57,fiction,68
58,Product_58,Tech,50
59,Product_59,History,51
60,Product_60,Tech,108
61,Product_61,Fiction ,120
62,Product_62,fiction,94
63, product_63 ,Science,62
64,Product_64,fiction,34
65,Product_65,TECH,89
66,Product_66,Science,90
67,Product_67,Science,107
68,Product_68,fiction,36
69,Product_69,History,80
70,Product_70, science ,46
71,Product_71,Science,99
72, product_72 ,Science,25
73,Product_73,fiction,90
74,Product_74,ART,100
75,Product_75, science ,49
76,Product_76,fiction,80
77,Product_77,Fiction ,21
78,Product_78,ART,117
79,Product_79,Tech,69
80,Product_80,Tech,92
81, product_81 , science ,73
82,Product_82,History,75
83,Product_83,History,63
84,Product_84,Science,70
85,Product_85,ART,68
86,Product_86, science ,59
87,Product_87,ART,86
88,Product_88, science ,120
89,Product_89,Tech,45
90, product_90 ,Fiction ,53
91,Product_91,History,115
92,Product_92,fiction,46
93,Product_93,History,117
94,Product_94,Science,120
95,Product_95, science ,67
96,Product_96,Science,54
97,Product_97,TECH,80
98,Product_98,Fiction ,68
99, product_99 ,TECH,34
100,Product_100,ART,83
101,Product_101,Fiction ,39
102,Product_102,Fiction ,15
103,Product_103,TECH,105
104,Product_104,Science,100
105,Product_105,Fiction ,59
106,Product_106, science ,73
107,Product_107,fiction,26
108, product_108 ,TECH,22
109,Product_109,Science,22
110,Product_110,Science,11
111,Product_111, science ,62
112,Product_112, science ,19
113,Product_113,Science,110
114,Product_114,History,53
115,Product_115,Fiction ,93
116,Product_116,Tech,119
117, product_117 ,TECH,119
118,Product_118,Fiction ,50
119,Product_119,Science,79
120,Product_120,fiction,89
121,Product_121,Tech,40
122,Product_122,History,39
123,Product_123,Tech,65
124,Product_124,Tech,107
125,Product_125,Tech,66
126, product_126 , science ,98
127,Product_127,History,13
128,Product_128,fiction,51
129,Product_129,fiction,47
130,Product_130,TECH,57
131,Product_131,Fiction ,28
132,Product_132,ART,77
133,Product_133,Fiction ,82
134,Product_134, science ,31
135, product_135 , science ,20
136,Product_136,Fiction ,89
137,Product_137,ART,73
138,Product_138, science ,39
139,Product_139,Science,91
140,Product_140,History,68
141,Product_141,History,95
142,Product_142,fiction,112
143,Product_143,Science,46
144, product_144 , science ,19
145,Product_145,Science,54
146,Product_146,History,91
147,Product_147,Fiction ,98
148,Product_148,History,68
149,Product_149,History,35
150,Product_150,Fiction ,119
48,Product_48,Science,21
4,Product_4,Fiction ,87
32,Product_32,Tech,69
26,Product_26,ART,92
16,Product_16,fiction,62
119,Product_119,Science,79
90, product_90 ,Fiction ,53
7,Product_7,Science,48
