OrderID,CustomerName,Product,Quantity,Price,OrderDate,Region
3001,Ali Khan,Laptop,1,1250,2025-01-07,Karachi
3002,Sara Ahmed,Smartwatch,2,280,2025-02-15,Lahore
3003,Usman Tariq,Tablet,1,480,2025-03-10,Islamabad
3004,Mahnoor Iqbal,Monitor,2,320,2025-04-02,Multan
3005,Hassan Raza,Keyboard,3,60,2025-05-11,Karachi
3006,Ayesha Malik,Mouse,5,40,2025-06-20,Lahore
3007,Zohaib Ali,Headphones,2,110,2025-07-18,Faisalabad
3008,Noor Fatima,Printer,1,230,2025-08-05,Islamabad
3009,Omer Farooq,Camera,1,650,2025-09-22,Peshawar
3010,Maria Saeed,Smartphone,2,900,2025-10-30,Quetta
