OrderID,CustomerName,Product,Quantity,Price,OrderDate,Region
1001,Ali Khan,Laptop,2,1200,2023-02-14,Karachi
1002,Sara Ahmed,Smartphone,1,800,2023-03-21,Lahore
1003,Usman Tariq,Tablet,3,450,2023-04-11,Islamabad
1004,Mahnoor Iqbal,Headphones,5,100,2023-05-05,Multan
1005,Hassan Raza,Smartwatch,2,250,2023-06-17,Karachi
1006,Ayesha Malik,Monitor,1,300,2023-07-09,Lahore
1007,Zohaib Ali,Keyboard,4,50,2023-08-02,Faisalabad
1008,Noor Fatima,Mouse,6,30,2023-09-14,Islamabad
1009,Omer Farooq,Printer,1,200,2023-10-03,Peshawar
1010,Maria Saeed,Camera,1,600,2023-11-19,Quetta
