OrderID,CustomerName,Product,Quantity,Price,OrderDate,Region
2001,Ali Khan,Smartphone,2,850,2024-01-12,Karachi
2002,Sara Ahmed,Laptop,1,1300,2024-02-18,Lahore
2003,Usman Tariq,Headphones,3,120,2024-03-09,Islamabad
2004,Mahnoor Iqbal,Tablet,2,500,2024-04-25,Multan
2005,Hassan Raza,Monitor,1,310,2024-05-14,Karachi
2006,Ayesha Malik,Keyboard,5,55,2024-06-27,Lahore
2007,Zohaib Ali,Mouse,4,35,2024-07-13,Faisalabad
2008,Noor Fatima,Smartwatch,1,270,2024-08-29,Islamabad
2009,Omer Farooq,Printer,2,210,2024-09-17,Peshawar
2010,Maria Saeed,Camera,1,620,2024-10-21,Quetta
