case_id,villain_name,disguise,day_of_week,month,location
1,Mojo_the_Magician,Ghost,Monday,January,Abandoned_Mansion
2,Old_Man_Jenkins,Zombie,Friday,January,Old_Mine
3,Professor_Pericles,Ghost,Saturday,February,Carnival
4,Charlie_the_Robot,Phantom,Wednesday,February,Warehouse
5,Redbeard,Pirate,Sunday,February,Docks
6,The_Black_Knight,Armor,Friday,March,Museum
7,Green_Ghost,Ghost,Thursday,March,Cemetery
8,Old_Man_Wickles,Zombie,Saturday,March,Cruise_Ship
9,Captain_Cutler,Diver,Monday,April,Beach
10,Ghost_Clown,Clown,Friday,April,Circus