cust_id,region,age_group
1,West,26-35
2,North,46-60
3,North,36-45
4,East,46-60
5,South,46-60
6,West,26-35
7,South,46-60
8,West,18-25
9,West,18-25
10,East,18-25
11,South,46-60
12,South,26-35
13,South,18-25
14,West,26-35
15,East,18-25
16,East,26-35
17,South,26-35
18,South,46-60
19,North,26-35
20,North,36-45
21,North,36-45
22,East,46-60
23,North,26-35
24,South,46-60
25,West,46-60
26,East,26-35
27,North,46-60
28,North,46-60
29,West,46-60
30,East,46-60
31,East,26-35
32,West,46-60
33,North,26-35
34,West,36-45
35,North,18-25
36,East,46-60
37,South,36-45
38,North,26-35
39,East,18-25
40,South,26-35
