book_id,title,author_id,genre,price_usd
1,Book_1,15,History,35
2,Book_2,9,Mystery,14
3,Book_3,8,Tech,23
4,Book_4,1,Romance,50
5,Book_5,7,Tech,48
6,Book_6,14,Fiction,28
7,Book_7,19,Tech,9
8,Book_8,7,Fiction,46
9,Book_9,9,Romance,5
10,Book_10,3,Sci-Fi,43
11,Book_11,20,Romance,35
12,Book_12,4,Sci-Fi,48
13,Book_13,3,Romance,42
14,Book_14,7,Tech,30
15,Book_15,18,History,50
16,Book_16,9,Mystery,12
17,Book_17,18,Fiction,21
18,Book_18,6,Romance,24
19,Book_19,9,Romance,46
20,Book_20,9,Fiction,17
21,Book_21,19,Romance,25
22,Book_22,19,Romance,40
23,Book_23,2,Romance,43
24,Book_24,7,Fiction,21
25,Book_25,20,Fiction,12
26,Book_26,10,History,37
27,Book_27,12,Tech,40
28,Book_28,4,Tech,22
29,Book_29,9,Romance,38
30,Book_30,4,Romance,21
31,Book_31,4,Romance,6
32,Book_32,16,Tech,49
33,Book_33,14,Sci-Fi,7
34,Book_34,14,History,15
35,Book_35,3,Sci-Fi,21
36,Book_36,13,Mystery,10
37,Book_37,5,Fiction,35
38,Book_38,20,Sci-Fi,27
39,Book_39,20,Sci-Fi,37
40,Book_40,4,Mystery,49
41,Book_41,10,Mystery,23
42,Book_42,2,Mystery,16
43,Book_43,2,History,13
44,Book_44,3,Mystery,21
45,Book_45,16,Tech,36
46,Book_46,16,Romance,29
47,Book_47,5,Sci-Fi,11
48,Book_48,8,Romance,6
49,Book_49,20,Tech,31
50,Book_50,19,Sci-Fi,35
