product_key,product_name,category,price_usd
1,Product_1,Art,88
2,Product_2,Tech,38
3,Product_3,History,57
4,Product_4,Science,83
5,Product_5,Art,77
6,Product_6,Tech,59
7,Product_7,Science,60
8,Product_8,Fiction,38
9,Product_9,Art,69
10,Product_10,Tech,39
11,Product_11,Tech,81
12,Product_12,Art,17
13,Product_13,Fiction,57
14,Product_14,Tech,69
15,Product_15,History,17
16,Product_16,Fiction,54
17,Product_17,Art,71
18,Product_18,Art,32
19,Product_19,Science,38
20,Product_20,Science,78
21,Product_21,Fiction,66
22,Product_22,Science,38
23,Product_23,Tech,57
24,Product_24,Fiction,86
25,Product_25,Art,31
26,Product_26,Art,72
27,Product_27,Fiction,26
28,Product_28,Tech,41
29,Product_29,Science,38
30,Product_30,Fiction,23
31,Product_31,Art,47
32,Product_32,History,12
33,Product_33,Fiction,60
34,Product_34,History,83
35,Product_35,Tech,26
36,Product_36,Art,67
37,Product_37,Art,17
38,Product_38,Science,81
39,Product_39,Science,17
40,Product_40,Art,90
41,Product_41,Tech,54
42,Product_42,Art,16
43,Product_43,Tech,38
44,Product_44,Science,12
45,Product_45,Science,78
46,Product_46,Science,24
47,Product_47,History,52
48,Product_48,Tech,25
49,Product_49,Tech,87
50,Product_50,History,37
51,Product_51,Science,31
52,Product_52,Art,82
53,Product_53,History,65
54,Product_54,Fiction,94
55,Product_55,History,12
56,Product_56,Fiction,21
57,Product_57,History,79
58,Product_58,Tech,19
59,Product_59,Tech,85
60,Product_60,History,67
61,Product_61,History,34
62,Product_62,Art,78
63,Product_63,Fiction,54
64,Product_64,Science,23
65,Product_65,Science,24
66,Product_66,Science,57
67,Product_67,Science,26
68,Product_68,Tech,97
69,Product_69,Tech,88
70,Product_70,Tech,61
71,Product_71,Fiction,60
72,Product_72,Science,64
73,Product_73,Fiction,36
74,Product_74,Tech,39
75,Product_75,Tech,43
76,Product_76,History,47
77,Product_77,Fiction,99
78,Product_78,Science,85
79,Product_79,Art,79
80,Product_80,Science,100
81,Product_81,Science,61
82,Product_82,History,50
83,Product_83,Science,21
84,Product_84,Fiction,35
85,Product_85,Fiction,25
86,Product_86,History,99
87,Product_87,Science,39
88,Product_88,Science,32
89,Product_89,Science,38
90,Product_90,Fiction,57
91,Product_91,History,20
92,Product_92,Fiction,27
93,Product_93,Tech,27
94,Product_94,History,80
95,Product_95,History,25
96,Product_96,Art,30
97,Product_97,Art,55
98,Product_98,Fiction,87
99,Product_99,History,20
100,Product_100,Art,25
