customer_key,customer_name,region,loyalty_tier
1,Customer_1,North,Silver
2,Customer_2,South,Bronze
3,Customer_3,North,Gold
4,Customer_4,North,Gold
5,Customer_5,North,Platinum
6,Customer_6,East,Silver
7,Customer_7,South,Gold
8,Customer_8,South,Platinum
9,Customer_9,South,Gold
10,Customer_10,East,Bronze
11,Customer_11,South,Platinum
12,Customer_12,East,Platinum
13,Customer_13,East,Silver
14,Customer_14,South,Bronze
15,Customer_15,South,Platinum
16,Customer_16,East,Platinum
17,Customer_17,West,Silver
18,Customer_18,East,Silver
19,Customer_19,East,Platinum
20,Customer_20,North,Bronze
21,Customer_21,East,Gold
22,Customer_22,North,Bronze
23,Customer_23,West,Platinum
24,Customer_24,North,Platinum
25,Customer_25,East,Platinum
26,Customer_26,North,Silver
27,Customer_27,West,Bronze
28,Customer_28,East,Gold
29,Customer_29,West,Platinum
30,Customer_30,North,Gold
31,Customer_31,West,Platinum
32,Customer_32,North,Bronze
33,Customer_33,West,Gold
34,Customer_34,West,Platinum
35,Customer_35,North,Gold
36,Customer_36,West,Bronze
37,Customer_37,North,Platinum
38,Customer_38,West,Gold
39,Customer_39,North,Bronze
40,Customer_40,West,Platinum
41,Customer_41,South,Bronze
42,Customer_42,South,Gold
43,Customer_43,North,Gold
44,Customer_44,North,Platinum
45,Customer_45,East,Gold
46,Customer_46,West,Bronze
47,Customer_47,West,Bronze
48,Customer_48,West,Bronze
49,Customer_49,East,Gold
50,Customer_50,North,Silver
51,Customer_51,East,Platinum
52,Customer_52,North,Silver
53,Customer_53,East,Silver
54,Customer_54,North,Bronze
55,Customer_55,East,Bronze
56,Customer_56,East,Platinum
57,Customer_57,East,Gold
58,Customer_58,South,Silver
59,Customer_59,South,Platinum
60,Customer_60,East,Platinum
61,Customer_61,South,Bronze
62,Customer_62,South,Silver
63,Customer_63,South,Gold
64,Customer_64,South,Bronze
65,Customer_65,West,Gold
66,Customer_66,East,Bronze
67,Customer_67,North,Platinum
68,Customer_68,South,Silver
69,Customer_69,West,Silver
70,Customer_70,East,Platinum
71,Customer_71,South,Bronze
72,Customer_72,East,Platinum
73,Customer_73,East,Gold
74,Customer_74,East,Silver
75,Customer_75,South,Gold
76,Customer_76,South,Gold
77,Customer_77,South,Platinum
78,Customer_78,West,Gold
79,Customer_79,East,Gold
80,Customer_80,East,Platinum
81,Customer_81,North,Silver
82,Customer_82,South,Bronze
83,Customer_83,East,Silver
84,Customer_84,West,Silver
85,Customer_85,East,Silver
86,Customer_86,East,Platinum
87,Customer_87,East,Silver
88,Customer_88,South,Platinum
89,Customer_89,West,Silver
90,Customer_90,North,Silver
91,Customer_91,North,Gold
92,Customer_92,West,Silver
93,Customer_93,East,Gold
94,Customer_94,West,Platinum
95,Customer_95,West,Gold
96,Customer_96,North,Platinum
97,Customer_97,South,Silver
98,Customer_98,West,Bronze
99,Customer_99,North,Silver
100,Customer_100,West,Gold
101,Customer_101,West,Platinum
102,Customer_102,North,Gold
103,Customer_103,North,Bronze
104,Customer_104,South,Gold
105,Customer_105,East,Platinum
106,Customer_106,East,Silver
107,Customer_107,North,Gold
108,Customer_108,South,Platinum
109,Customer_109,West,Silver
110,Customer_110,East,Platinum
111,Customer_111,North,Gold
112,Customer_112,East,Bronze
113,Customer_113,West,Platinum
114,Customer_114,East,Platinum
115,Customer_115,West,Bronze
116,Customer_116,South,Gold
117,Customer_117,South,Platinum
118,Customer_118,North,Platinum
119,Customer_119,South,Bronze
120,Customer_120,South,Gold
121,Customer_121,South,Gold
122,Customer_122,East,Bronze
123,Customer_123,East,Platinum
124,Customer_124,East,Gold
125,Customer_125,North,Bronze
126,Customer_126,North,Bronze
127,Customer_127,East,Gold
128,Customer_128,West,Gold
129,Customer_129,North,Silver
130,Customer_130,North,Gold
131,Customer_131,South,Platinum
132,Customer_132,West,Platinum
133,Customer_133,East,Gold
134,Customer_134,East,Bronze
135,Customer_135,North,Silver
136,Customer_136,South,Gold
137,Customer_137,South,Silver
138,Customer_138,East,Silver
139,Customer_139,North,Gold
140,Customer_140,West,Silver
141,Customer_141,West,Gold
142,Customer_142,North,Bronze
143,Customer_143,North,Platinum
144,Customer_144,West,Bronze
145,Customer_145,East,Gold
146,Customer_146,North,Gold
147,Customer_147,East,Platinum
148,Customer_148,South,Gold
149,Customer_149,South,Platinum
150,Customer_150,North,Silver
151,Customer_151,South,Gold
152,Customer_152,West,Silver
153,Customer_153,North,Gold
154,Customer_154,South,Silver
155,Customer_155,South,Gold
156,Customer_156,North,Gold
157,Customer_157,North,Silver
158,Customer_158,North,Platinum
159,Customer_159,North,Gold
160,Customer_160,East,Bronze
161,Customer_161,South,Bronze
162,Customer_162,South,Gold
163,Customer_163,West,Gold
164,Customer_164,West,Silver
165,Customer_165,West,Silver
166,Customer_166,West,Platinum
167,Customer_167,West,Silver
168,Customer_168,South,Silver
169,Customer_169,South,Bronze
170,Customer_170,West,Bronze
171,Customer_171,East,Platinum
172,Customer_172,North,Bronze
173,Customer_173,North,Gold
174,Customer_174,North,Bronze
175,Customer_175,West,Platinum
176,Customer_176,West,Silver
177,Customer_177,North,Silver
178,Customer_178,South,Silver
179,Customer_179,North,Bronze
180,Customer_180,East,Platinum
181,Customer_181,East,Bronze
182,Customer_182,North,Bronze
183,Customer_183,West,Gold
184,Customer_184,West,Platinum
185,Customer_185,East,Bronze
186,Customer_186,West,Platinum
187,Customer_187,West,Gold
188,Customer_188,North,Platinum
189,Customer_189,North,Silver
190,Customer_190,North,Gold
191,Customer_191,North,Silver
192,Customer_192,East,Bronze
193,Customer_193,West,Bronze
194,Customer_194,North,Gold
195,Customer_195,North,Silver
196,Customer_196,North,Bronze
197,Customer_197,East,Platinum
198,Customer_198,West,Gold
199,Customer_199,East,Silver
200,Customer_200,South,Silver
201,Customer_201,North,Bronze
202,Customer_202,North,Silver
203,Customer_203,East,Bronze
204,Customer_204,West,Silver
205,Customer_205,West,Gold
206,Customer_206,West,Gold
207,Customer_207,South,Platinum
208,Customer_208,South,Gold
209,Customer_209,West,Gold
210,Customer_210,North,Silver
211,Customer_211,West,Platinum
212,Customer_212,North,Bronze
213,Customer_213,South,Platinum
214,Customer_214,South,Silver
215,Customer_215,South,Gold
216,Customer_216,South,Gold
217,Customer_217,West,Platinum
218,Customer_218,South,Bronze
219,Customer_219,West,Platinum
220,Customer_220,South,Silver
221,Customer_221,West,Gold
222,Customer_222,South,Gold
223,Customer_223,South,Gold
224,Customer_224,South,Bronze
225,Customer_225,South,Silver
226,Customer_226,East,Silver
227,Customer_227,East,Gold
228,Customer_228,West,Platinum
229,Customer_229,South,Platinum
230,Customer_230,West,Bronze
231,Customer_231,East,Gold
232,Customer_232,East,Bronze
233,Customer_233,West,Bronze
234,Customer_234,South,Silver
235,Customer_235,North,Platinum
236,Customer_236,East,Bronze
237,Customer_237,West,Platinum
238,Customer_238,South,Silver
239,Customer_239,North,Silver
240,Customer_240,South,Gold
241,Customer_241,East,Gold
242,Customer_242,West,Platinum
243,Customer_243,West,Bronze
244,Customer_244,West,Platinum
245,Customer_245,East,Gold
246,Customer_246,West,Bronze
247,Customer_247,East,Gold
248,Customer_248,North,Bronze
249,Customer_249,East,Silver
250,Customer_250,West,Platinum
251,Customer_251,West,Silver
252,Customer_252,West,Gold
253,Customer_253,West,Silver
254,Customer_254,South,Platinum
255,Customer_255,East,Gold
256,Customer_256,North,Platinum
257,Customer_257,South,Bronze
258,Customer_258,West,Platinum
259,Customer_259,North,Gold
260,Customer_260,South,Bronze
261,Customer_261,West,Platinum
262,Customer_262,North,Silver
263,Customer_263,East,Gold
264,Customer_264,South,Silver
265,Customer_265,West,Bronze
266,Customer_266,South,Platinum
267,Customer_267,South,Bronze
268,Customer_268,North,Silver
269,Customer_269,North,Bronze
270,Customer_270,North,Platinum
271,Customer_271,West,Silver
272,Customer_272,South,Bronze
273,Customer_273,West,Platinum
274,Customer_274,North,Gold
275,Customer_275,South,Gold
276,Customer_276,East,Platinum
277,Customer_277,South,Gold
278,Customer_278,West,Platinum
279,Customer_279,West,Silver
280,Customer_280,North,Silver
281,Customer_281,West,Silver
282,Customer_282,South,Gold
283,Customer_283,North,Gold
284,Customer_284,North,Gold
285,Customer_285,East,Silver
286,Customer_286,North,Gold
287,Customer_287,East,Gold
288,Customer_288,South,Silver
289,Customer_289,East,Platinum
290,Customer_290,South,Silver
291,Customer_291,East,Silver
292,Customer_292,East,Gold
293,Customer_293,West,Bronze
294,Customer_294,West,Platinum
295,Customer_295,North,Platinum
296,Customer_296,North,Bronze
297,Customer_297,North,Bronze
298,Customer_298,South,Bronze
299,Customer_299,East,Gold
300,Customer_300,North,Platinum
