product_id,product_name,category,unit_price
1,Gadget 1,A,12
2,Gadget 2,B,14
3,Gadget 3,C,16
4,Gadget 4,D,18
5,Gadget 5,A,20
6,Gadget 6,A,22
7,Gadget 7,B,24
8,Gadget 8,C,26
9,Gadget 9,D,28
10,Gadget 10,A,30
11,Gadget 11,A,32
12,Gadget 12,B,34
13,Gadget 13,C,36
14,Gadget 14,D,38
15,Gadget 15,A,40
16,Gadget 16,A,42
17,Gadget 17,B,10
18,Gadget 18,C,12
19,Gadget 19,D,14
20,Gadget 20,A,16
21,Gadget 21,A,18
22,Gadget 22,B,20
23,Gadget 23,C,22
24,Gadget 24,D,24
25,Gadget 25,A,26
26,Gadget 26,A,28
27,Gadget 27,B,30
28,Gadget 28,C,32
29,Gadget 29,D,34
30,Gadget 30,A,36
31,Gadget 31,A,38
32,Gadget 32,B,40
33,Gadget 33,C,42
34,Gadget 34,D,10
35,Gadget 35,A,12
36,Gadget 36,A,14
37,Gadget 37,B,16
38,Gadget 38,C,18
39,Gadget 39,D,20
40,Gadget 40,A,22
41,Gadget 41,A,24
42,Gadget 42,B,26
43,Gadget 43,C,28
44,Gadget 44,D,30
45,Gadget 45,A,32
46,Gadget 46,A,34
47,Gadget 47,B,36
48,Gadget 48,C,38
49,Gadget 49,D,40
50,Gadget 50,A,42
51,Gadget 51,A,10
52,Gadget 52,B,12
53,Gadget 53,C,14
54,Gadget 54,D,16
55,Gadget 55,A,18
56,Gadget 56,A,20
57,Gadget 57,B,22
58,Gadget 58,C,24
59,Gadget 59,D,26
60,Gadget 60,A,28
61,Gadget 61,A,30
62,Gadget 62,B,32
63,Gadget 63,C,34
64,Gadget 64,D,36
65,Gadget 65,A,38
66,Gadget 66,A,40
67,Gadget 67,B,42
68,Gadget 68,C,10
69,Gadget 69,D,12
70,Gadget 70,A,14
71,Gadget 71,A,16
72,Gadget 72,B,18
73,Gadget 73,C,20
74,Gadget 74,D,22
75,Gadget 75,A,24
76,Gadget 76,A,26
77,Gadget 77,B,28
78,Gadget 78,C,30
79,Gadget 79,D,32
80,Gadget 80,A,34
81,Gadget 81,A,36
82,Gadget 82,B,38
83,Gadget 83,C,40
84,Gadget 84,D,42
85,Gadget 85,A,10
86,Gadget 86,A,12
87,Gadget 87,B,14
88,Gadget 88,C,16
89,Gadget 89,D,18
90,Gadget 90,A,20
91,Gadget 91,A,22
92,Gadget 92,B,24
93,Gadget 93,C,26
94,Gadget 94,D,28
95,Gadget 95,A,30
96,Gadget 96,A,32
97,Gadget 97,B,34
98,Gadget 98,C,36
99,Gadget 99,D,38
100,Gadget 100,A,40
101,Gadget 101,A,42
102,Gadget 102,B,10
103,Gadget 103,C,12
104,Gadget 104,D,14
105,Gadget 105,A,16
106,Gadget 106,A,18
107,Gadget 107,B,20
108,Gadget 108,C,22
109,Gadget 109,D,24
110,Gadget 110,A,26
111,Gadget 111,A,28
112,Gadget 112,B,30
113,Gadget 113,C,32
114,Gadget 114,D,34
115,Gadget 115,A,36
116,Gadget 116,A,38
117,Gadget 117,B,40
118,Gadget 118,C,42
119,Gadget 119,D,10
120,Gadget 120,A,12
